Timestamp,User Count,Type,Name,Requests/s,Failures/s,50%,66%,75%,80%,90%,95%,98%,99%,99.9%,99.99%,100%,Total Request Count,Total Failure Count,Total Median Response Time,Total Average Response Time,Total Min Response Time,Total Max Response Time,Total Average Content Size
1790358571,0,,Aggregated,0.000000,0.000000,N/A,N/A,N/A,N/A,N/A,N/A,N/A,N/A,N/A,N/A,N/A,0,0,0,0.0,0,0,0
1790358572,50,,Aggregated,0.000000,0.000000,N/A,N/A,N/A,N/A,N/A,N/A,N/A,N/A,N/A,N/A,N/A,0,0,0,0.0,0,0,0
1790358573,50,,Aggregated,0.000000,0.000000,N/A,N/A,N/A,N/A,N/A,N/A,N/A,N/A,N/A,N/A,N/A,0,0,0,0.0,0,0,0
1790358574,50,,Aggregated,0.000000,0.000000,N/A,N/A,N/A,N/A,N/A,N/A,N/A,N/A,N/A,N/A,N/A,0,0,0,0.0,0,0,0
1790358575,50,,Aggregated,0.000000,0.000000,N/A,N/A,N/A,N/A,N/A,N/A,N/A,N/A,N/A,N/A,N/A,0,0,0,0.0,0,0,0
1790358576,50,,Aggregated,0.000000,0.000000,4700,4700,4700,4700,4700,4700,4700,4700,4700,4700,4700,20,0,4700,4688.082440000653,4554.644799998641,4740.824200001953,337.0
1790358577,50,,Aggregated,0.000000,0.000000,5200,5200,5200,5200,5300,5300,5300,5300,5300,5300,5300,56,0,5200,4484.6100125002,29.27550000094925,5326.932500000112,337.0
1790358578,50,,Aggregated,0.600000,0.000000,4700,5100,5200,5200,5300,5300,5300,5300,5300,5300,5300,86,0,4700,2983.790544186144,29.27550000094925,5326.932500000112,337.0
1790358579,50,,Aggregated,8.333333,0.000000,320,4700,5100,5200,5200,5300,5300,5300,5300,5300,5300,118,0,320,2221.376274576422,29.27550000094925,5326.932500000112,337.0
1790358580,50,,Aggregated,10.428571,0.000000,240,4600,4700,5100,5200,5300,5300,5300,5300,5300,5300,147,0,240,1817.77078503414,29.27550000094925,5326.932500000112,337.0
1790358581,50,,Aggregated,13.625000,0.000000,210,320,4700,4700,5200,5300,5300,5300,5300,5300,5300,177,0,210,1529.6311299435808,29.27550000094925,5326.932500000112,337.0
1790358582,50,,Aggregated,15.000000,0.000000,210,250,340,4700,5200,5200,5300,5300,5300,5300,5300,209,0,210,1320.692691866124,29.27550000094925,5326.932500000112,337.0
1790358583,50,,Aggregated,16.800000,0.000000,190,240,320,4600,5200,5200,5300,5300,5300,5300,5300,239,0,190,1172.74372050217,29.27550000094925,5326.932500000112,337.0
1790358584,50,,Aggregated,19.400000,0.000000,190,230,290,330,5200,5200,5300,5300,5300,5300,5300,269,0,190,1058.3991423792186,25.51300000050105,5326.932500000112,337.0
1790358585,50,,Aggregated,23.000000,0.000000,170,220,240,320,5100,5200,5300,5300,5300,5300,5300,300,0,170,958.0064323333747,25.51300000050105,5326.932500000112,337.0
1790358586,50,,Aggregated,25.500000,0.000000,180,230,310,400,4700,5200,5300,5300,5300,5300,5300,315,0,180,933.2931028571955,25.51300000050105,5326.932500000112,337.0
1790358587,50,,Aggregated,28.700000,0.000000,180,230,320,500,4700,5200,5300,5300,5300,5300,5300,324,0,180,935.0099700617828,25.51300000050105,5326.932500000112,337.0
1790358588,50,,Aggregated,30.100000,0.000000,190,240,500,1200,4700,5200,5300,5300,5300,5300,5300,344,0,190,960.6428973837718,25.51300000050105,5326.932500000112,337.0
1790358589,50,,Aggregated,27.200000,0.000000,200,320,930,1300,4700,5200,5300,5300,5300,5300,5300,378,0,200,965.1328066137602,25.51300000050105,5326.932500000112,337.0
1790358590,50,,Aggregated,25.800000,0.000000,190,260,520,1000,4700,5200,5300,5300,5300,5300,5300,409,0,190,903.6517063569592,25.51300000050105,5326.932500000112,337.0
1790358591,50,,Aggregated,26.500000,0.000000,190,240,500,1000,4700,5200,5300,5300,5300,5300,5300,436,0,190,855.9959821100875,25.51300000050105,5326.932500000112,337.0
1790358592,50,,Aggregated,26.000000,0.000000,190,240,400,960,4700,5200,5300,5300,5300,5300,5300,467,0,190,810.7656381156286,25.51300000050105,5326.932500000112,337.0
1790358593,50,,Aggregated,26.100000,0.000000,190,240,330,650,4600,5200,5300,5300,5300,5300,5300,498,0,190,770.4380190763085,25.51300000050105,5326.932500000112,337.0
1790358594,50,,Aggregated,25.800000,0.000000,180,230,330,500,2400,5200,5200,5300,5300,5300,5300,531,0,180,728.0238736346539,25.51300000050105,5326.932500000112,337.0
1790358595,50,,Aggregated,25.800000,0.000000,170,220,320,470,2100,5200,5200,5300,5300,5300,5300,559,0,170,696.1567259391765,25.51300000050105,5326.932500000112,337.0
1790358596,50,,Aggregated,26.300000,0.000000,170,220,310,470,1700,5100,5200,5300,5300,5300,5300,581,0,170,676.3774141135954,25.51300000050105,5326.932500000112,337.0
1790358597,50,,Aggregated,26.100000,0.000000,170,230,330,520,1600,5100,5200,5300,5300,5300,5300,600,0,170,673.352365166666,25.51300000050105,5326.932500000112,337.0
1790358598,50,,Aggregated,27.200000,0.000000,180,240,470,610,1500,4700,5200,5300,5300,5300,5300,619,0,180,682.8169082390926,25.51300000050105,5326.932500000112,337.0
1790358599,50,,Aggregated,27.500000,0.000000,190,300,520,940,1700,4700,5200,5300,5300,5300,5300,650,0,190,707.7299186153967,25.51300000050105,5326.932500000112,337.0
1790358600,50,,Aggregated,27.300000,0.000000,180,270,510,920,1600,4700,5200,5300,5300,5300,5300,678,0,180,685.2442079645949,25.51300000050105,5326.932500000112,337.0
1790358601,50,,Aggregated,25.200000,0.000000,180,270,510,860,1500,4700,5200,5300,5300,5300,5300,689,0,180,676.6833465892578,25.51300000050105,5326.932500000112,337.0
1790358602,50,,Aggregated,26.900000,0.000000,180,300,550,960,1500,4700,5200,5300,5300,5300,5300,704,0,180,685.3463434659068,25.51300000050105,5326.932500000112,337.0
1790358603,50,,Aggregated,25.800000,0.000000,190,320,770,1000,1700,4700,5200,5300,5300,5300,5300,724,0,190,707.7226088397703,25.51300000050105,5326.932500000112,337.0
1790358604,50,,Aggregated,24.000000,0.000000,190,330,800,1000,1900,4700,5200,5300,5300,5300,5300,757,0,190,718.8877356670898,25.51300000050105,5326.932500000112,337.0
1790358605,50,,Aggregated,21.600000,0.000000,190,330,770,1000,1800,4700,5200,5300,5300,5300,5300,785,0,190,701.3893898089009,25.51300000050105,5326.932500000112,337.0
1790358606,50,,Aggregated,23.300000,0.000000,200,320,600,970,1700,4700,5200,5300,5300,5300,5300,819,0,200,680.279649572634,25.51300000050105,5326.932500000112,337.0
1790358607,50,,Aggregated,21.800000,0.000000,190,310,550,960,1700,4700,5200,5300,5300,5300,5300,850,0,190,659.1363131764576,25.51300000050105,5326.932500000112,337.0
1790358608,50,,Aggregated,22.700000,0.000000,190,300,530,950,1600,4700,5200,5300,5300,5300,5300,868,0,190,648.8080504608132,17.5362000009045,5326.932500000112,337.0
1790358609,50,,Aggregated,23.200000,0.000000,190,300,500,880,1500,4700,5200,5300,5300,5300,5300,910,0,190,627.1285407692237,17.5362000009045,5326.932500000112,337.0
1790358610,50,,Aggregated,25.700000,0.000000,180,280,470,810,1500,4600,5200,5300,5300,5300,5300,944,0,180,606.1562113347424,14.207899999746587,5326.932500000112,337.0
1790358611,50,,Aggregated,26.700000,0.000000,170,270,470,780,1500,4600,5200,5300,5300,5300,5300,967,0,170,592.3118131333998,14.207899999746587,5326.932500000112,337.0
1790358612,50,,Aggregated,25.200000,0.000000,160,250,400,630,1400,2500,5200,5200,5300,5300,5300,1005,0,160,571.6975117412862,14.207899999746587,5326.932500000112,337.0
1790358613,50,,Aggregated,26.900000,0.000000,160,240,360,590,1300,2400,5200,5200,5300,5300,5300,1034,0,160,556.5874821083153,13.127799997164402,5326.932500000112,337.0
1790358614,50,,Aggregated,29.100000,0.000000,150,240,340,550,1300,2400,5200,5200,5300,5300,5300,1064,0,150,543.6374890977581,13.127799997164402,5326.932500000112,337.0
1790358615,50,,Aggregated,31.700000,0.000000,150,230,330,520,1300,2300,5200,5200,5300,5300,5300,1098,0,150,531.469904371612,13.127799997164402,5326.932500000112,337.0
1790358616,50,,Aggregated,29.700000,0.000000,150,230,330,510,1300,2300,5200,5200,5300,5300,5300,1132,0,150,520.3560492049653,13.127799997164402,5326.932500000112,337.0
1790358617,50,,Aggregated,31.400000,0.000000,160,230,330,500,1200,2300,5200,5200,5300,5300,5300,1158,0,160,515.4375341105523,13.127799997164402,5326.932500000112,337.0
1790358618,50,,Aggregated,30.800000,0.000000,160,230,320,470,1200,2200,5200,5200,5300,5300,5300,1188,0,160,505.6724050505148,13.127799997164402,5326.932500000112,337.0
1790358619,50,,Aggregated,30.600000,0.000000,150,230,310,450,1200,2200,5200,5200,5300,5300,5300,1220,0,150,495.7525560655855,13.127799997164402,5326.932500000112,337.0
1790358620,50,,Aggregated,31.100000,0.000000,150,220,300,430,1200,2200,5200,5200,5300,5300,5300,1251,0,150,486.01406490808887,13.127799997164402,5326.932500000112,337.0
1790358621,50,,Aggregated,30.400000,0.000000,150,220,310,400,1200,2200,5200,5200,5300,5300,5300,1277,0,150,480.6820769773092,13.127799997164402,5326.932500000112,337.0
1790358622,50,,Aggregated,31.700000,0.000000,150,220,310,380,1200,2200,5200,5200,5300,5300,5300,1307,0,150,473.7158396327752,13.127799997164402,5326.932500000112,337.0
1790358623,50,,Aggregated,30.200000,0.000000,150,220,300,380,1100,2200,5200,5200,5300,5300,5300,1321,0,150,469.4202673732367,13.127799997164402,5326.932500000112,337.0
1790358624,50,,Aggregated,30.200000,0.000000,150,220,310,380,1100,2200,5200,5200,5300,5300,5300,1323,0,150,469.79124444447973,13.127799997164402,5326.932500000112,337.0
1790358625,50,,Aggregated,29.600000,0.000000,150,230,320,440,1200,2200,5200,5200,5300,5300,5300,1343,0,150,493.3633547282542,13.127799997164402,5326.932500000112,337.0
1790358626,50,,Aggregated,27.500000,0.000000,150,230,340,510,1500,2200,5200,5200,5300,5300,5300,1382,0,150,525.2979746744231,13.127799997164402,5326.932500000112,337.0
1790358627,50,,Aggregated,24.300000,0.000000,150,230,330,500,1500,2200,5200,5200,5300,5300,5300,1404,0,150,518.2991540598697,13.127799997164402,5326.932500000112,337.0
1790358628,50,,Aggregated,23.400000,0.000000,150,230,340,520,1500,2200,5200,5200,5300,5300,5300,1418,0,150,518.1145933709921,13.127799997164402,5326.932500000112,337.0
1790358629,50,,Aggregated,25.100000,0.000000,150,240,340,530,1500,2200,5200,5200,5300,5300,5300,1428,0,150,522.9209488095662,13.127799997164402,5326.932500000112,337.0
1790358631,50,,Aggregated,22.400000,0.000000,160,250,400,750,1700,2300,5100,5200,5300,5300,5300,1466,0,160,561.8350508868062,13.127799997164402,5326.932500000112,337.0
